CREATE DATABASE  IF NOT EXISTS `subsmanager` /*!40100 DEFAULT CHARACTER SET latin1 */;
USE `subsmanager`;
-- MySQL dump 10.13  Distrib 5.5.55, for debian-linux-gnu (x86_64)
--
-- Host: 127.0.0.1    Database: subsmanager
-- ------------------------------------------------------
-- Server version	5.5.55-0ubuntu0.14.04.1

/*!40101 SET @OLD_CHARACTER_SET_CLIENT=@@CHARACTER_SET_CLIENT */;
/*!40101 SET @OLD_CHARACTER_SET_RESULTS=@@CHARACTER_SET_RESULTS */;
/*!40101 SET @OLD_COLLATION_CONNECTION=@@COLLATION_CONNECTION */;
/*!40101 SET NAMES utf8 */;
/*!40103 SET @OLD_TIME_ZONE=@@TIME_ZONE */;
/*!40103 SET TIME_ZONE='+00:00' */;
/*!40014 SET @OLD_UNIQUE_CHECKS=@@UNIQUE_CHECKS, UNIQUE_CHECKS=0 */;
/*!40014 SET @OLD_FOREIGN_KEY_CHECKS=@@FOREIGN_KEY_CHECKS, FOREIGN_KEY_CHECKS=0 */;
/*!40101 SET @OLD_SQL_MODE=@@SQL_MODE, SQL_MODE='NO_AUTO_VALUE_ON_ZERO' */;
/*!40111 SET @OLD_SQL_NOTES=@@SQL_NOTES, SQL_NOTES=0 */;

--
-- Table structure for table `attendance_history`
--

DROP TABLE IF EXISTS `attendance_history`;
/*!40101 SET @saved_cs_client     = @@character_set_client */;
/*!40101 SET character_set_client = utf8 */;
CREATE TABLE `attendance_history` (
  `id` int(11) NOT NULL AUTO_INCREMENT,
  `session_event_id` int(11) DEFAULT NULL,
  `attendee_id` int(11) DEFAULT NULL,
  `subscription_in_use_id` int(11) DEFAULT NULL,
  `date_updated` datetime DEFAULT NULL,
  `date_created` datetime NOT NULL,
  PRIMARY KEY (`id`),
  KEY `IDX_207D9E49FA5B88E3` (`session_event_id`),
  KEY `IDX_207D9E49BCFD782A` (`attendee_id`),
  KEY `IDX_207D9E4944EFD744` (`subscription_in_use_id`),
  CONSTRAINT `FK_207D9E4944EFD744` FOREIGN KEY (`subscription_in_use_id`) REFERENCES `subscription` (`id`),
  CONSTRAINT `FK_207D9E49BCFD782A` FOREIGN KEY (`attendee_id`) REFERENCES `user_account` (`id`),
  CONSTRAINT `FK_207D9E49FA5B88E3` FOREIGN KEY (`session_event_id`) REFERENCES `session_event` (`id`)
) ENGINE=InnoDB AUTO_INCREMENT=246 DEFAULT CHARSET=utf8 COLLATE=utf8_unicode_ci;
/*!40101 SET character_set_client = @saved_cs_client */;

--
-- Dumping data for table `attendance_history`
--

LOCK TABLES `attendance_history` WRITE;
/*!40000 ALTER TABLE `attendance_history` DISABLE KEYS */;
INSERT INTO `attendance_history` VALUES (1,1,26,1,'2017-05-30 14:43:17','2017-05-30 14:43:17'),(2,1,27,3,'2017-05-30 14:46:57','2017-05-30 14:46:57'),(3,1,29,5,'2017-05-30 14:46:57','2017-05-30 14:46:57'),(4,1,30,6,'2017-05-30 14:46:57','2017-05-30 14:46:57'),(5,1,32,8,'2017-06-19 11:26:47','2017-05-30 14:46:57'),(6,1,34,10,'2017-06-19 11:26:47','2017-05-30 14:46:57'),(7,1,31,7,'2017-06-19 11:26:47','2017-05-30 14:48:37'),(10,2,47,11,'2017-05-30 14:52:48','2017-05-30 14:52:48'),(11,2,33,9,'2017-05-30 14:52:48','2017-05-30 14:52:48'),(12,2,34,10,'2017-05-30 14:52:48','2017-05-30 14:52:48'),(13,4,46,13,'2017-05-30 14:54:44','2017-05-30 14:54:44'),(14,4,35,15,'2017-05-30 14:54:44','2017-05-30 14:54:44'),(15,4,27,3,'2017-05-30 14:54:44','2017-05-30 14:54:44'),(16,4,26,1,'2017-05-30 14:54:44','2017-05-30 14:54:44'),(17,5,34,10,'2017-05-30 14:56:22','2017-05-30 14:56:22'),(18,5,31,7,'2017-05-30 14:56:22','2017-05-30 14:56:22'),(19,5,35,15,'2017-05-30 14:56:22','2017-05-30 14:56:22'),(20,5,26,1,'2017-05-30 14:56:22','2017-05-30 14:56:22'),(21,5,47,11,'2017-05-30 14:56:22','2017-05-30 14:56:22'),(22,5,46,13,'2017-05-30 14:56:22','2017-05-30 14:56:22'),(23,5,36,16,'2017-05-30 14:56:22','2017-05-30 14:56:22'),(24,6,27,3,'2017-05-30 14:58:32','2017-05-30 14:58:32'),(25,6,39,18,'2017-05-30 14:58:32','2017-05-30 14:58:32'),(26,6,36,16,'2017-05-30 14:58:32','2017-05-30 14:58:32'),(27,6,37,17,'2017-05-30 14:58:32','2017-05-30 14:58:32'),(28,6,38,17,'2017-05-30 14:58:32','2017-05-30 14:58:32'),(29,6,32,8,'2017-05-30 14:58:32','2017-05-30 14:58:32'),(30,7,40,19,'2017-05-30 14:59:33','2017-05-30 14:59:33'),(31,7,46,13,'2017-05-30 14:59:33','2017-05-30 14:59:33'),(32,7,31,7,'2017-05-30 14:59:33','2017-05-30 14:59:33'),(33,7,33,9,'2017-05-30 14:59:33','2017-05-30 14:59:33'),(34,8,29,5,'2017-05-30 15:00:44','2017-05-30 15:00:44'),(35,8,47,11,'2017-05-30 15:00:44','2017-05-30 15:00:44'),(36,8,46,13,'2017-05-30 15:00:44','2017-05-30 15:00:44'),(37,8,27,3,'2017-05-30 15:00:44','2017-05-30 15:00:44'),(38,8,35,15,'2017-05-30 15:00:44','2017-05-30 15:00:44'),(39,9,31,7,'2017-05-30 15:02:15','2017-05-30 15:02:15'),(40,9,47,11,'2017-05-30 15:02:15','2017-05-30 15:02:15'),(41,9,46,13,'2017-05-30 15:02:15','2017-05-30 15:02:15'),(42,9,34,10,'2017-05-30 15:02:15','2017-05-30 15:02:15'),(43,10,47,11,'2017-05-30 15:02:48','2017-05-30 15:02:48'),(44,6,28,4,'2017-05-30 15:05:07','2017-05-30 15:05:07'),(45,11,28,4,'2017-05-30 15:07:27','2017-05-30 15:07:27'),(46,11,39,18,'2017-05-30 15:07:27','2017-05-30 15:07:27'),(47,11,36,16,'2017-05-30 15:07:27','2017-05-30 15:07:27'),(48,11,46,13,'2017-05-30 15:07:27','2017-05-30 15:07:27'),(49,11,26,1,'2017-05-30 15:07:27','2017-05-30 15:07:27'),(50,11,41,20,'2017-05-30 15:07:27','2017-05-30 15:07:27'),(51,11,42,20,'2017-05-30 15:07:27','2017-05-30 15:07:27'),(52,11,30,6,'2017-05-30 15:08:20','2017-05-30 15:08:20'),(53,11,29,5,'2017-05-30 15:08:20','2017-05-30 15:08:20'),(54,11,43,21,'2017-05-30 15:08:20','2017-05-30 15:08:20'),(55,12,44,22,'2017-05-30 15:09:34','2017-05-30 15:09:34'),(56,12,46,13,'2017-05-30 15:09:34','2017-05-30 15:09:34'),(57,12,47,11,'2017-05-30 15:09:34','2017-05-30 15:09:34'),(58,12,33,9,'2017-05-30 15:09:34','2017-05-30 15:09:34'),(59,12,34,10,'2017-05-30 15:09:34','2017-05-30 15:09:34'),(60,12,40,19,'2017-05-30 15:09:34','2017-05-30 15:09:34'),(61,14,26,2,'2017-05-30 15:11:20','2017-05-30 15:11:20'),(62,14,37,17,'2017-05-30 15:11:20','2017-05-30 15:11:20'),(63,14,38,17,'2017-05-30 15:11:20','2017-05-30 15:11:20'),(64,14,39,18,'2017-05-30 15:11:20','2017-05-30 15:11:20'),(65,14,35,15,'2017-05-30 15:11:20','2017-05-30 15:11:20'),(66,15,47,11,'2017-05-30 15:12:40','2017-05-30 15:12:40'),(67,15,36,16,'2017-05-30 15:12:40','2017-05-30 15:12:40'),(68,15,46,13,'2017-05-30 15:12:40','2017-05-30 15:12:40'),(69,15,26,2,'2017-05-30 15:12:40','2017-05-30 15:12:40'),(70,15,35,15,'2017-05-30 15:12:40','2017-05-30 15:12:40'),(71,15,31,7,'2017-05-30 15:12:40','2017-05-30 15:12:40'),(72,15,40,19,'2017-05-30 15:12:40','2017-05-30 15:12:40'),(73,15,44,22,'2017-05-30 15:12:40','2017-05-30 15:12:40'),(74,16,47,11,'2017-05-30 15:13:38','2017-05-30 15:13:38'),(75,16,26,2,'2017-05-30 15:13:38','2017-05-30 15:13:38'),(76,16,35,15,'2017-05-30 15:13:38','2017-05-30 15:13:38'),(77,17,40,19,'2017-05-30 15:14:40','2017-05-30 15:14:40'),(78,17,46,13,'2017-05-30 15:14:40','2017-05-30 15:14:40'),(79,17,47,11,'2017-05-30 15:14:40','2017-05-30 15:14:40'),(80,17,34,10,'2017-05-30 15:14:40','2017-05-30 15:14:40'),(81,18,35,15,'2017-05-30 15:16:06','2017-05-30 15:16:06'),(82,18,32,8,'2017-05-30 15:16:06','2017-05-30 15:16:06'),(83,18,45,23,'2017-05-30 15:16:06','2017-05-30 15:16:06'),(84,18,29,5,'2017-05-30 15:16:06','2017-05-30 15:16:06'),(85,18,31,7,'2017-05-30 15:16:06','2017-05-30 15:16:06'),(86,18,28,4,'2017-05-30 15:16:06','2017-05-30 15:16:06'),(87,18,36,16,'2017-05-30 15:16:06','2017-05-30 15:16:06'),(88,19,26,2,'2017-05-30 15:16:55','2017-05-30 15:16:55'),(89,19,46,13,'2017-05-30 15:16:55','2017-05-30 15:16:55'),(90,19,39,18,'2017-05-30 15:16:55','2017-05-30 15:16:55'),(91,20,36,16,'2017-05-30 15:18:38','2017-05-30 15:18:38'),(92,20,46,14,'2017-05-30 15:18:38','2017-05-30 15:18:38'),(93,20,26,2,'2017-05-30 15:18:38','2017-05-30 15:18:38'),(94,20,47,11,'2017-05-30 15:18:38','2017-05-30 15:18:38'),(95,20,30,6,'2017-05-30 15:18:38','2017-05-30 15:18:38'),(96,20,31,7,'2017-05-30 15:18:38','2017-05-30 15:18:38'),(97,20,40,19,'2017-05-30 15:18:38','2017-05-30 15:18:38'),(98,20,43,21,'2017-05-30 15:18:38','2017-05-30 15:18:38'),(99,20,34,10,'2017-05-30 15:18:38','2017-05-30 15:18:38'),(100,21,47,12,'2017-05-30 15:19:39','2017-05-30 15:19:39'),(101,21,30,6,'2017-05-30 15:19:39','2017-05-30 15:19:39'),(102,21,43,21,'2017-05-30 15:19:39','2017-05-30 15:19:39'),(115,24,48,31,'2017-06-04 16:11:07','2017-06-04 16:11:07'),(116,24,35,15,'2017-06-04 16:11:27','2017-06-04 16:11:27'),(118,24,39,30,'2017-06-04 16:12:28','2017-06-04 16:12:28'),(119,24,41,20,'2017-06-18 12:23:15','2017-06-04 16:12:40'),(120,24,42,20,'2017-06-18 12:23:15','2017-06-04 16:12:56'),(123,25,47,12,'2017-06-04 16:18:15','2017-06-04 16:18:15'),(124,25,33,9,'2017-06-04 16:18:27','2017-06-04 16:18:27'),(125,25,34,10,'2017-06-04 16:18:53','2017-06-04 16:18:53'),(126,25,40,19,'2017-06-04 16:19:03','2017-06-04 16:19:03'),(127,26,35,15,'2017-06-04 16:22:37','2017-06-04 16:22:37'),(128,26,49,15,'2017-06-04 16:22:56','2017-06-04 16:22:56'),(129,26,48,31,'2017-06-04 16:23:07','2017-06-04 16:23:07'),(130,27,50,33,'2017-06-19 10:55:32','2017-06-19 10:55:32'),(131,27,35,32,'2017-06-19 10:55:32','2017-06-19 10:55:32'),(132,27,48,31,'2017-06-19 10:55:32','2017-06-19 10:55:32'),(133,27,39,30,'2017-06-19 10:55:32','2017-06-19 10:55:32'),(134,27,28,4,'2017-06-19 10:55:32','2017-06-19 10:55:32'),(135,27,31,7,'2017-06-19 10:55:32','2017-06-19 10:55:32'),(136,27,30,6,'2017-06-19 10:55:32','2017-06-19 10:55:32'),(137,27,26,2,'2017-06-19 10:55:32','2017-06-19 10:55:32'),(138,27,37,17,'2017-06-19 10:55:32','2017-06-19 10:55:32'),(139,27,38,17,'2017-06-19 10:55:32','2017-06-19 10:55:32'),(140,28,46,14,'2017-06-19 10:58:50','2017-06-19 10:58:50'),(141,28,44,22,'2017-06-19 10:58:50','2017-06-19 10:58:50'),(142,28,33,9,'2017-06-19 10:58:50','2017-06-19 10:58:50'),(143,28,34,10,'2017-06-19 10:58:50','2017-06-19 10:58:50'),(144,28,40,19,'2017-06-19 10:58:50','2017-06-19 10:58:50'),(145,29,50,33,'2017-06-19 11:00:46','2017-06-19 11:00:46'),(146,29,35,32,'2017-06-19 11:00:46','2017-06-19 11:00:46'),(147,30,48,31,'2017-06-19 11:02:02','2017-06-19 11:02:02'),(148,30,36,16,'2017-06-19 11:02:02','2017-06-19 11:02:02'),(149,30,46,14,'2017-06-19 11:02:02','2017-06-19 11:02:02'),(150,31,52,35,'2017-06-19 11:05:56','2017-06-19 11:05:56'),(151,31,53,35,'2017-06-19 11:05:56','2017-06-19 11:05:56'),(152,31,51,34,'2017-06-19 11:05:56','2017-06-19 11:05:56'),(153,31,46,14,'2017-06-19 11:05:56','2017-06-19 11:05:56'),(154,31,26,2,'2017-06-19 11:05:56','2017-06-19 11:05:56'),(155,31,30,6,'2017-06-19 11:05:56','2017-06-19 11:05:56'),(156,31,34,10,'2017-06-19 11:05:56','2017-06-19 11:05:56'),(157,31,40,19,'2017-06-19 11:05:56','2017-06-19 11:05:56'),(158,31,43,21,'2017-06-19 11:05:56','2017-06-19 11:05:56'),(159,31,45,23,'2017-06-19 11:05:56','2017-06-19 11:05:56'),(160,31,47,12,'2017-06-19 11:05:56','2017-06-19 11:05:56'),(161,32,47,12,'2017-06-19 11:07:09','2017-06-19 11:07:09'),(162,32,30,6,'2017-06-19 11:07:09','2017-06-19 11:07:09'),(163,32,43,21,'2017-06-19 11:07:09','2017-06-19 11:07:09'),(164,33,48,36,'2017-06-19 11:09:41','2017-06-19 11:09:41'),(165,33,39,30,'2017-06-19 11:09:41','2017-06-19 11:09:41'),(166,33,50,33,'2017-06-19 11:09:41','2017-06-19 11:09:41'),(167,33,30,6,'2017-06-19 11:09:41','2017-06-19 11:09:41'),(168,33,31,7,'2017-06-19 11:09:41','2017-06-19 11:09:41'),(169,33,41,20,'2017-06-19 11:09:41','2017-06-19 11:09:41'),(170,33,42,20,'2017-06-19 11:09:41','2017-06-19 11:09:41'),(171,34,34,37,'2017-06-19 11:11:10','2017-06-19 11:11:10'),(172,34,52,35,'2017-06-19 11:11:10','2017-06-19 11:11:10'),(173,34,53,35,'2017-06-19 11:11:10','2017-06-19 11:11:10'),(174,34,46,14,'2017-06-19 11:11:10','2017-06-19 11:11:10'),(175,34,33,9,'2017-06-19 11:11:10','2017-06-19 11:11:10'),(176,34,47,12,'2017-06-19 11:11:10','2017-06-19 11:11:10'),(177,35,35,32,'2017-06-19 11:12:43','2017-06-19 11:12:43'),(178,35,49,32,'2017-06-19 11:12:43','2017-06-19 11:12:43'),(179,35,54,38,'2017-06-19 11:12:43','2017-06-19 11:12:43'),(180,35,55,39,'2017-06-19 11:12:43','2017-06-19 11:12:43'),(181,36,36,16,'2017-06-19 11:14:34','2017-06-19 11:14:34'),(182,36,37,17,'2017-06-19 11:14:34','2017-06-19 11:14:34'),(183,36,38,17,'2017-06-19 11:14:34','2017-06-19 11:14:34'),(184,36,48,36,'2017-06-19 11:14:34','2017-06-19 11:14:34'),(185,36,47,12,'2017-06-19 11:14:34','2017-06-19 11:14:34'),(186,37,56,40,'2017-06-19 11:18:27','2017-06-19 11:18:27'),(187,37,52,35,'2017-06-19 11:18:27','2017-06-19 11:18:27'),(188,37,53,35,'2017-06-19 11:18:27','2017-06-19 11:18:27'),(189,37,40,19,'2017-06-19 11:18:27','2017-06-19 11:18:27'),(190,37,51,34,'2017-06-19 11:18:27','2017-06-19 11:18:27'),(191,37,34,37,'2017-06-19 11:18:27','2017-06-19 11:18:27'),(192,37,47,12,'2017-06-19 11:18:27','2017-06-19 11:18:27'),(193,37,46,14,'2017-06-19 11:18:27','2017-06-19 11:18:27'),(194,37,35,32,'2017-06-19 11:18:27','2017-06-19 11:18:27'),(195,37,26,2,'2017-06-19 11:18:27','2017-06-19 11:18:27'),(196,38,26,2,'2017-06-19 11:19:23','2017-06-19 11:19:23'),(197,38,56,40,'2017-06-19 11:19:23','2017-06-19 11:19:23'),(198,38,35,32,'2017-06-19 11:19:23','2017-06-19 11:19:23'),(199,39,42,20,'2017-06-21 20:06:56','2017-06-21 20:06:56'),(200,39,41,20,'2017-06-21 20:06:56','2017-06-21 20:06:56'),(201,39,48,36,'2017-06-21 20:06:56','2017-06-21 20:06:56'),(202,39,39,30,'2017-06-21 20:06:56','2017-06-21 20:06:56'),(203,39,26,2,'2017-06-21 20:06:56','2017-06-21 20:06:56'),(204,39,34,37,'2017-06-21 20:06:56','2017-06-21 20:06:56'),(205,39,37,17,'2017-06-21 20:06:56','2017-06-21 20:06:56'),(206,40,52,35,'2017-06-22 09:33:02','2017-06-22 09:33:02'),(207,40,34,37,'2017-06-22 09:33:02','2017-06-22 09:33:02'),(208,40,33,9,'2017-06-22 09:33:02','2017-06-22 09:33:02'),(209,40,46,14,'2017-06-22 09:33:02','2017-06-22 09:33:02'),(210,40,51,34,'2017-06-22 09:33:02','2017-06-22 09:33:02'),(211,40,47,12,'2017-06-22 09:33:02','2017-06-22 09:33:02'),(212,41,54,38,'2017-06-23 19:43:30','2017-06-23 19:43:30'),(213,41,35,32,'2017-06-23 19:43:30','2017-06-23 19:43:30'),(214,41,49,32,'2017-06-23 19:43:30','2017-06-23 19:43:30'),(215,41,57,41,'2017-06-23 19:45:40','2017-06-23 19:45:40'),(216,42,26,42,'2017-06-24 12:33:48','2017-06-24 12:33:48'),(217,42,35,32,'2017-06-24 12:33:48','2017-06-24 12:33:48'),(218,42,49,32,'2017-06-24 12:33:48','2017-06-24 12:33:48'),(219,42,46,14,'2017-06-24 12:33:48','2017-06-24 12:33:48'),(220,42,36,16,'2017-06-24 12:33:48','2017-06-24 12:33:48'),(221,42,47,12,'2017-06-24 12:33:48','2017-06-24 12:33:48'),(222,42,48,36,'2017-06-24 12:33:48','2017-06-24 12:33:48'),(223,43,35,43,'2017-06-26 10:30:02','2017-06-26 10:30:02'),(224,43,47,12,'2017-06-26 10:30:02','2017-06-26 10:30:02'),(225,43,26,42,'2017-06-26 10:30:02','2017-06-26 10:30:02'),(226,43,51,34,'2017-06-26 10:30:02','2017-06-26 10:30:02'),(227,43,40,19,'2017-06-26 10:30:02','2017-06-26 10:30:02'),(228,43,56,40,'2017-06-26 10:30:02','2017-06-26 10:30:02'),(229,43,34,37,'2017-06-26 10:30:02','2017-06-26 10:30:02'),(230,44,47,44,'2017-06-26 10:30:44','2017-06-26 10:30:44'),(231,44,56,40,'2017-06-26 10:30:44','2017-06-26 10:30:44'),(232,45,48,36,'2017-06-28 20:44:19','2017-06-28 20:44:19'),(233,45,45,23,'2017-06-28 20:44:19','2017-06-28 20:44:19'),(234,45,39,45,'2017-06-28 20:44:19','2017-06-28 20:44:19'),(235,45,42,20,'2017-06-28 20:44:19','2017-06-28 20:44:19'),(236,46,34,37,'2017-06-29 08:48:41','2017-06-29 08:48:41'),(237,46,46,14,'2017-06-29 08:48:41','2017-06-29 08:48:41'),(238,46,47,44,'2017-06-29 08:48:41','2017-06-29 08:48:41'),(239,47,35,43,'2017-06-30 19:42:06','2017-06-30 19:42:06'),(240,47,49,43,'2017-06-30 19:42:06','2017-06-30 19:42:06'),(241,47,55,39,'2017-06-30 19:42:06','2017-06-30 19:42:06'),(242,48,26,42,'2017-07-01 12:15:39','2017-07-01 12:15:39'),(243,48,35,43,'2017-07-01 12:15:39','2017-07-01 12:15:39'),(244,48,36,16,'2017-07-01 12:15:39','2017-07-01 12:15:39'),(245,48,45,23,'2017-07-01 12:15:39','2017-07-01 12:15:39');
/*!40000 ALTER TABLE `attendance_history` ENABLE KEYS */;
UNLOCK TABLES;
/*!50003 SET @saved_cs_client      = @@character_set_client */ ;
/*!50003 SET @saved_cs_results     = @@character_set_results */ ;
/*!50003 SET @saved_col_connection = @@collation_connection */ ;
/*!50003 SET character_set_client  = utf8 */ ;
/*!50003 SET character_set_results = utf8 */ ;
/*!50003 SET collation_connection  = utf8_general_ci */ ;
/*!50003 SET @saved_sql_mode       = @@sql_mode */ ;
/*!50003 SET sql_mode              = '' */ ;
DELIMITER ;;
/*!50003 CREATE*/ /*!50017 DEFINER=`root`@`localhost`*/ /*!50003 TRIGGER attendance_history_after_insert
    AFTER INSERT ON `attendance_history`
    FOR EACH ROW

BEGIN
 INSERT INTO `subsmanager`.`attendance_history_archive`
	(`id`,
	`session_event_id`,
	`attendee_id`,
	`subscription_in_use_id`,
	`date_updated`,
	`date_created`,
	`operation`)
	VALUES
	(
		NEW.id,
		NEW.session_event_id,
		NEW.attendee_id,
		NEW.subscription_in_use_id,
		NEW.date_updated,
		NEW.date_created,
		'INSERT'
    );
END */;;
DELIMITER ;
/*!50003 SET sql_mode              = @saved_sql_mode */ ;
/*!50003 SET character_set_client  = @saved_cs_client */ ;
/*!50003 SET character_set_results = @saved_cs_results */ ;
/*!50003 SET collation_connection  = @saved_col_connection */ ;
/*!50003 SET @saved_cs_client      = @@character_set_client */ ;
/*!50003 SET @saved_cs_results     = @@character_set_results */ ;
/*!50003 SET @saved_col_connection = @@collation_connection */ ;
/*!50003 SET character_set_client  = utf8 */ ;
/*!50003 SET character_set_results = utf8 */ ;
/*!50003 SET collation_connection  = utf8_general_ci */ ;
/*!50003 SET @saved_sql_mode       = @@sql_mode */ ;
/*!50003 SET sql_mode              = '' */ ;
DELIMITER ;;
/*!50003 CREATE*/ /*!50017 DEFINER=`root`@`localhost`*/ /*!50003 TRIGGER attendance_history_update
    BEFORE UPDATE ON `attendance_history`
    FOR EACH ROW
BEGIN
	INSERT INTO `subsmanager`.`attendance_history_archive`
	(`id`,
	 `session_event_id`,
	 `attendee_id`,
	 `subscription_in_use_id`,
	 `date_updated`,
	 `date_created`,
	 `operation`)
	VALUES
		(
			NEW.id,
			NEW.session_event_id,
			NEW.attendee_id,
			NEW.subscription_in_use_id,
			NEW.date_updated,
			NEW.date_created,
			'UPDATE'
		);
END */;;
DELIMITER ;
/*!50003 SET sql_mode              = @saved_sql_mode */ ;
/*!50003 SET character_set_client  = @saved_cs_client */ ;
/*!50003 SET character_set_results = @saved_cs_results */ ;
/*!50003 SET collation_connection  = @saved_col_connection */ ;
/*!50003 SET @saved_cs_client      = @@character_set_client */ ;
/*!50003 SET @saved_cs_results     = @@character_set_results */ ;
/*!50003 SET @saved_col_connection = @@collation_connection */ ;
/*!50003 SET character_set_client  = utf8 */ ;
/*!50003 SET character_set_results = utf8 */ ;
/*!50003 SET collation_connection  = utf8_general_ci */ ;
/*!50003 SET @saved_sql_mode       = @@sql_mode */ ;
/*!50003 SET sql_mode              = '' */ ;
DELIMITER ;;
/*!50003 CREATE*/ /*!50017 DEFINER=`root`@`localhost`*/ /*!50003 TRIGGER attendance_history_delete
    BEFORE DELETE ON `attendance_history`
    FOR EACH ROW
BEGIN
  INSERT INTO `subsmanager`.`attendance_history_archive`
  (`id`,
   `session_event_id`,
   `attendee_id`,
   `subscription_in_use_id`,
   `date_updated`,
   `date_created`,
   `operation`)
  VALUES
    (
      OLD.id,
      OLD.session_event_id,
      OLD.attendee_id,
      OLD.subscription_in_use_id,
      OLD.date_updated,
      OLD.date_created,
	    'DELETE'
    );
END */;;
DELIMITER ;
/*!50003 SET sql_mode              = @saved_sql_mode */ ;
/*!50003 SET character_set_client  = @saved_cs_client */ ;
/*!50003 SET character_set_results = @saved_cs_results */ ;
/*!50003 SET collation_connection  = @saved_col_connection */ ;

--
-- Table structure for table `attendance_history_archive`
--

DROP TABLE IF EXISTS `attendance_history_archive`;
/*!40101 SET @saved_cs_client     = @@character_set_client */;
/*!40101 SET character_set_client = utf8 */;
CREATE TABLE `attendance_history_archive` (
  `pk` int(11) NOT NULL AUTO_INCREMENT,
  `id` int(11) NOT NULL,
  `session_event_id` int(11) DEFAULT NULL,
  `attendee_id` int(11) DEFAULT NULL,
  `subscription_in_use_id` int(11) DEFAULT NULL,
  `date_updated` datetime DEFAULT NULL,
  `date_created` datetime NOT NULL,
  `operation` varchar(25) COLLATE utf8_unicode_ci NOT NULL,
  `date_archived` timestamp NOT NULL DEFAULT CURRENT_TIMESTAMP,
  PRIMARY KEY (`pk`)
) ENGINE=InnoDB AUTO_INCREMENT=4 DEFAULT CHARSET=utf8 COLLATE=utf8_unicode_ci;
/*!40101 SET character_set_client = @saved_cs_client */;

--
-- Dumping data for table `attendance_history_archive`
--

LOCK TABLES `attendance_history_archive` WRITE;
/*!40000 ALTER TABLE `attendance_history_archive` DISABLE KEYS */;
INSERT INTO `attendance_history_archive` VALUES (1,246,49,12,NULL,'2017-07-01 12:48:30','2017-07-01 12:48:30','INSERT','2017-07-01 12:48:30'),(2,246,49,12,48,'2017-07-01 12:50:14','2017-07-01 12:48:30','UPDATE','2017-07-01 12:50:14'),(3,246,49,12,48,'2017-07-01 12:50:14','2017-07-01 12:48:30','DELETE','2017-07-01 12:50:52');
/*!40000 ALTER TABLE `attendance_history_archive` ENABLE KEYS */;
UNLOCK TABLES;

--
-- Table structure for table `break_event`
--

DROP TABLE IF EXISTS `break_event`;
/*!40101 SET @saved_cs_client     = @@character_set_client */;
/*!40101 SET character_set_client = utf8 */;
CREATE TABLE `break_event` (
  `id` int(11) NOT NULL AUTO_INCREMENT,
  `break_event_day` date NOT NULL,
  `date_updated` datetime DEFAULT NULL,
  `date_created` datetime NOT NULL,
  PRIMARY KEY (`id`)
) ENGINE=InnoDB AUTO_INCREMENT=16 DEFAULT CHARSET=utf8 COLLATE=utf8_unicode_ci;
/*!40101 SET character_set_client = @saved_cs_client */;

--
-- Dumping data for table `break_event`
--

LOCK TABLES `break_event` WRITE;
/*!40000 ALTER TABLE `break_event` DISABLE KEYS */;
INSERT INTO `break_event` VALUES (10,'2017-05-08','2017-06-04 16:57:38','2017-06-04 16:57:38'),(12,'2017-05-12','2017-06-04 17:03:12','2017-06-04 17:03:12'),(14,'2017-05-24','2017-06-04 17:05:38','2017-06-04 17:05:38'),(15,'2017-06-03','2017-06-04 17:06:10','2017-06-04 17:06:10');
/*!40000 ALTER TABLE `break_event` ENABLE KEYS */;
UNLOCK TABLES;

--
-- Table structure for table `schedule_item`
--

DROP TABLE IF EXISTS `schedule_item`;
/*!40101 SET @saved_cs_client     = @@character_set_client */;
/*!40101 SET character_set_client = utf8 */;
CREATE TABLE `schedule_item` (
  `id` int(11) NOT NULL AUTO_INCREMENT,
  `item_name` varchar(255) COLLATE utf8_unicode_ci NOT NULL,
  `scheduled_day` varchar(255) COLLATE utf8_unicode_ci NOT NULL,
  `scheduled_start_time` varchar(255) COLLATE utf8_unicode_ci NOT NULL,
  `scheduled_due_time` varchar(255) COLLATE utf8_unicode_ci NOT NULL,
  `location` varchar(140) COLLATE utf8_unicode_ci NOT NULL,
  `session_name` varchar(140) COLLATE utf8_unicode_ci DEFAULT NULL,
  `date_updated` datetime DEFAULT NULL,
  `date_created` datetime NOT NULL,
  `deleted_at` datetime DEFAULT NULL,
  PRIMARY KEY (`id`)
) ENGINE=InnoDB AUTO_INCREMENT=7 DEFAULT CHARSET=utf8 COLLATE=utf8_unicode_ci;
/*!40101 SET character_set_client = @saved_cs_client */;

--
-- Dumping data for table `schedule_item`
--

LOCK TABLES `schedule_item` WRITE;
/*!40000 ALTER TABLE `schedule_item` DISABLE KEYS */;
INSERT INTO `schedule_item` VALUES (1,'Hétfő reggel kondi','1','08:15','09:15','Érd Aréna','Kondi Torna','2017-05-30 14:02:17','2017-05-30 13:55:16',NULL),(2,'Hétfő reggel pilates','1','09:30','10:30','Érd Aréna','Pilates','2017-05-30 14:02:49','2017-05-30 13:57:01',NULL),(3,'Szerda este kondi','3','17:15','18:15','Érd Aréna','Kondi Torna','2017-05-30 13:58:38','2017-05-30 13:58:38',NULL),(4,'Csütörtök reggel step','4','08:15','09:15','Érd Aréna','Step','2017-05-30 14:00:06','2017-05-30 14:00:06',NULL),(5,'Péntek este pilates','5','19:30','20:30','Érd Aréna','Pilates','2017-05-30 14:03:28','2017-05-30 14:01:05',NULL),(6,'Szombat reggel kondi','6','09:15','10:15','Érd Aréna','Kondi Torna','2017-05-30 14:01:39','2017-05-30 14:01:39',NULL);
/*!40000 ALTER TABLE `schedule_item` ENABLE KEYS */;
UNLOCK TABLES;

--
-- Table structure for table `session_event`
--

DROP TABLE IF EXISTS `session_event`;
/*!40101 SET @saved_cs_client     = @@character_set_client */;
/*!40101 SET character_set_client = utf8 */;
CREATE TABLE `session_event` (
  `id` int(11) NOT NULL AUTO_INCREMENT,
  `schedule_item_id` int(11) NOT NULL,
  `session_event_date` datetime NOT NULL,
  `session_fee_numbers_sold` int(11) DEFAULT NULL,
  `session_fee_revenue_sold` int(11) DEFAULT NULL,
  `date_updated` datetime DEFAULT NULL,
  `date_created` datetime NOT NULL,
  PRIMARY KEY (`id`),
  KEY `IDX_E0D3B2719F057EEF` (`schedule_item_id`),
  CONSTRAINT `FK_E0D3B2719F057EEF` FOREIGN KEY (`schedule_item_id`) REFERENCES `schedule_item` (`id`)
) ENGINE=InnoDB AUTO_INCREMENT=49 DEFAULT CHARSET=utf8 COLLATE=utf8_unicode_ci;
/*!40101 SET character_set_client = @saved_cs_client */;

--
-- Dumping data for table `session_event`
--

LOCK TABLES `session_event` WRITE;
/*!40000 ALTER TABLE `session_event` DISABLE KEYS */;
INSERT INTO `session_event` VALUES (1,3,'2017-05-03 14:41:00',14,11125,'2017-06-19 11:26:47','2017-05-30 14:43:17'),(2,4,'2017-05-04 14:51:00',2,1875,'2017-05-30 14:52:48','2017-05-30 14:52:48'),(3,5,'2017-05-05 14:53:00',0,0,'2017-05-30 14:53:27','2017-05-30 14:53:27'),(4,6,'2017-05-06 14:53:00',1,0,'2017-05-30 14:54:44','2017-05-30 14:54:44'),(5,1,'2017-05-08 14:54:00',3,875,'2017-05-30 14:56:22','2017-05-30 14:56:22'),(6,3,'2017-05-10 14:56:00',8,11000,'2017-05-30 15:05:07','2017-05-30 14:58:32'),(7,4,'2017-05-11 14:58:00',0,0,'2017-05-30 14:59:33','2017-05-30 14:59:33'),(8,6,'2017-05-13 14:59:00',3,3300,'2017-05-30 15:00:48','2017-05-30 15:00:44'),(9,1,'2017-05-15 15:01:00',2,1320,'2017-05-30 15:02:15','2017-05-30 15:02:15'),(10,2,'2017-05-15 15:02:00',1,0,'2017-05-30 15:02:48','2017-05-30 15:02:48'),(11,3,'2017-05-17 15:05:00',6,7300,'2017-05-30 15:08:20','2017-05-30 15:07:27'),(12,4,'2017-05-18 15:08:00',1,1320,'2017-05-30 15:09:34','2017-05-30 15:09:34'),(13,5,'2017-05-19 15:09:00',1,875,'2017-05-30 15:10:10','2017-05-30 15:10:10'),(14,6,'2017-05-20 15:10:00',2,1500,'2017-05-30 15:11:20','2017-05-30 15:11:20'),(15,1,'2017-05-22 15:11:00',1,0,'2017-05-30 15:12:40','2017-05-30 15:12:40'),(16,2,'2017-05-22 15:13:00',2,1500,'2017-05-30 15:13:42','2017-05-30 15:13:38'),(17,4,'2017-05-25 15:13:00',0,0,'2017-05-30 15:14:40','2017-05-30 15:14:40'),(18,5,'2017-05-26 15:14:00',3,3000,'2017-05-30 15:16:06','2017-05-30 15:16:06'),(19,6,'2017-05-27 15:16:00',4,3300,'2017-05-30 15:16:55','2017-05-30 15:16:55'),(20,1,'2017-05-29 15:17:00',2,1500,'2017-05-30 15:18:38','2017-05-30 15:18:38'),(21,2,'2017-05-29 15:18:00',3,3000,'2017-05-31 12:22:51','2017-05-30 15:19:39'),(24,3,'2017-05-31 16:07:00',5,4850,'2017-06-18 12:23:15','2017-06-04 16:09:20'),(25,4,'2017-06-01 16:15:00',0,0,'2017-06-04 16:19:03','2017-06-04 16:15:42'),(26,5,'2017-06-02 16:21:00',3,3250,'2017-06-04 16:23:22','2017-06-04 16:22:07'),(27,3,'2017-06-07 12:51:00',5,5500,'2017-06-19 10:55:32','2017-06-19 10:55:32'),(28,4,'2017-06-08 12:57:00',1,0,'2017-06-19 10:58:57','2017-06-19 10:58:50'),(29,5,'2017-06-09 12:59:00',3,3375,'2017-06-19 11:00:46','2017-06-19 11:00:46'),(30,6,'2017-06-10 13:01:00',1,0,'2017-06-19 11:02:02','2017-06-19 11:02:02'),(31,1,'2017-06-12 13:02:00',3,1750,'2017-06-19 11:05:56','2017-06-19 11:05:56'),(32,2,'2017-06-12 13:06:00',2,1500,'2017-06-19 11:07:09','2017-06-19 11:07:09'),(33,3,'2017-06-14 13:07:00',3,3000,'2017-06-19 11:09:41','2017-06-19 11:09:41'),(34,4,'2017-06-15 13:09:00',NULL,0,'2017-06-19 11:11:10','2017-06-19 11:11:10'),(35,5,'2017-06-16 13:11:00',2,1875,'2017-06-19 11:12:43','2017-06-19 11:12:43'),(36,6,'2017-06-17 13:13:00',1,0,'2017-06-19 11:14:34','2017-06-19 11:14:34'),(37,1,'2017-06-19 13:16:00',1,0,'2017-06-19 11:18:27','2017-06-19 11:18:27'),(38,2,'2017-06-19 13:18:00',2,1500,'2017-06-19 11:19:23','2017-06-19 11:19:23'),(39,3,'2017-06-21 22:04:00',3,2500,'2017-06-21 20:06:56','2017-06-21 20:06:56'),(40,4,'2017-06-22 11:31:00',1,1000,'2017-06-22 09:33:02','2017-06-22 09:33:02'),(41,5,'2017-06-23 21:42:00',2,875,'2017-06-23 19:45:40','2017-06-23 19:43:30'),(42,6,'2017-06-24 14:31:00',1,0,'2017-06-24 12:33:48','2017-06-24 12:33:48'),(43,1,'2017-06-26 12:28:00',1,0,'2017-06-26 10:30:02','2017-06-26 10:30:02'),(44,2,'2017-06-26 12:30:00',1,0,'2017-06-26 10:30:44','2017-06-26 10:30:44'),(45,3,'2017-06-28 22:42:00',3,4000,'2017-06-28 20:44:19','2017-06-28 20:44:19'),(46,4,'2017-06-29 10:48:00',NULL,0,'2017-06-29 08:48:41','2017-06-29 08:48:41'),(47,5,'2017-06-30 21:40:00',NULL,0,'2017-06-30 19:42:06','2017-06-30 19:42:06'),(48,6,'2017-07-01 14:14:00',3,1000,'2017-07-01 12:15:39','2017-07-01 12:15:39');
/*!40000 ALTER TABLE `session_event` ENABLE KEYS */;
UNLOCK TABLES;
/*!50003 SET @saved_cs_client      = @@character_set_client */ ;
/*!50003 SET @saved_cs_results     = @@character_set_results */ ;
/*!50003 SET @saved_col_connection = @@collation_connection */ ;
/*!50003 SET character_set_client  = utf8 */ ;
/*!50003 SET character_set_results = utf8 */ ;
/*!50003 SET collation_connection  = utf8_general_ci */ ;
/*!50003 SET @saved_sql_mode       = @@sql_mode */ ;
/*!50003 SET sql_mode              = '' */ ;
DELIMITER ;;
/*!50003 CREATE*/ /*!50017 DEFINER=`root`@`localhost`*/ /*!50003 TRIGGER session_event_after_insert
    AFTER INSERT ON `session_event`
    FOR EACH ROW

BEGIN
 INSERT INTO `subsmanager`.`session_event_archive`
	(`id`,
	`schedule_item_id`,
	`session_event_date`,
	`session_fee_numbers_sold`,
	`session_fee_revenue_sold`,
	`date_updated`,
	`date_created`,
	`operation`)
	VALUES
	(
		NEW.id,
		NEW.schedule_item_id,
		NEW.session_event_date,
		NEW.session_fee_numbers_sold,
		NEW.session_fee_revenue_sold,
		NEW.date_updated,
		NEW.date_created,
		'INSERT'
    );
END */;;
DELIMITER ;
/*!50003 SET sql_mode              = @saved_sql_mode */ ;
/*!50003 SET character_set_client  = @saved_cs_client */ ;
/*!50003 SET character_set_results = @saved_cs_results */ ;
/*!50003 SET collation_connection  = @saved_col_connection */ ;
/*!50003 SET @saved_cs_client      = @@character_set_client */ ;
/*!50003 SET @saved_cs_results     = @@character_set_results */ ;
/*!50003 SET @saved_col_connection = @@collation_connection */ ;
/*!50003 SET character_set_client  = utf8 */ ;
/*!50003 SET character_set_results = utf8 */ ;
/*!50003 SET collation_connection  = utf8_general_ci */ ;
/*!50003 SET @saved_sql_mode       = @@sql_mode */ ;
/*!50003 SET sql_mode              = '' */ ;
DELIMITER ;;
/*!50003 CREATE*/ /*!50017 DEFINER=`root`@`localhost`*/ /*!50003 TRIGGER session_event_update
    BEFORE UPDATE ON `session_event`
    FOR EACH ROW
BEGIN
	INSERT INTO `subsmanager`.`session_event_archive`
	(`id`,
	 `schedule_item_id`,
	 `session_event_date`,
	 `session_fee_numbers_sold`,
	 `session_fee_revenue_sold`,
	 `date_updated`,
	 `date_created`,
   `operation`)
	VALUES
		(
			NEW.id,
			NEW.schedule_item_id,
			NEW.session_event_date,
			NEW.session_fee_numbers_sold,
			NEW.session_fee_revenue_sold,
			NEW.date_updated,
			NEW.date_created,
			'UPDATE'
		);
END */;;
DELIMITER ;
/*!50003 SET sql_mode              = @saved_sql_mode */ ;
/*!50003 SET character_set_client  = @saved_cs_client */ ;
/*!50003 SET character_set_results = @saved_cs_results */ ;
/*!50003 SET collation_connection  = @saved_col_connection */ ;
/*!50003 SET @saved_cs_client      = @@character_set_client */ ;
/*!50003 SET @saved_cs_results     = @@character_set_results */ ;
/*!50003 SET @saved_col_connection = @@collation_connection */ ;
/*!50003 SET character_set_client  = utf8 */ ;
/*!50003 SET character_set_results = utf8 */ ;
/*!50003 SET collation_connection  = utf8_general_ci */ ;
/*!50003 SET @saved_sql_mode       = @@sql_mode */ ;
/*!50003 SET sql_mode              = '' */ ;
DELIMITER ;;
/*!50003 CREATE*/ /*!50017 DEFINER=`root`@`localhost`*/ /*!50003 TRIGGER session_event_delete
    BEFORE DELETE ON `session_event`
    FOR EACH ROW
BEGIN
	INSERT INTO `subsmanager`.`session_event_archive`
	(`id`,
	 `schedule_item_id`,
	 `session_event_date`,
	 `session_fee_numbers_sold`,
	 `session_fee_revenue_sold`,
	 `date_updated`,
	 `date_created`,
	 `operation`)
	VALUES
		(
			OLD.id,
			OLD.schedule_item_id,
			OLD.session_event_date,
			OLD.session_fee_numbers_sold,
			OLD.session_fee_revenue_sold,
			OLD.date_updated,
			OLD.date_created,
			'DELETE'
		);
END */;;
DELIMITER ;
/*!50003 SET sql_mode              = @saved_sql_mode */ ;
/*!50003 SET character_set_client  = @saved_cs_client */ ;
/*!50003 SET character_set_results = @saved_cs_results */ ;
/*!50003 SET collation_connection  = @saved_col_connection */ ;

--
-- Table structure for table `session_event_archive`
--

DROP TABLE IF EXISTS `session_event_archive`;
/*!40101 SET @saved_cs_client     = @@character_set_client */;
/*!40101 SET character_set_client = utf8 */;
CREATE TABLE `session_event_archive` (
  `pk` int(11) NOT NULL AUTO_INCREMENT,
  `id` int(11) NOT NULL,
  `schedule_item_id` int(11) NOT NULL,
  `session_event_date` datetime NOT NULL,
  `session_fee_numbers_sold` int(11) DEFAULT NULL,
  `session_fee_revenue_sold` int(11) DEFAULT NULL,
  `date_updated` datetime DEFAULT NULL,
  `date_created` datetime NOT NULL,
  `operation` varchar(25) COLLATE utf8_unicode_ci NOT NULL,
  `date_archived` timestamp NOT NULL DEFAULT CURRENT_TIMESTAMP,
  PRIMARY KEY (`pk`)
) ENGINE=InnoDB AUTO_INCREMENT=4 DEFAULT CHARSET=utf8 COLLATE=utf8_unicode_ci;
/*!40101 SET character_set_client = @saved_cs_client */;

--
-- Dumping data for table `session_event_archive`
--

LOCK TABLES `session_event_archive` WRITE;
/*!40000 ALTER TABLE `session_event_archive` DISABLE KEYS */;
INSERT INTO `session_event_archive` VALUES (1,49,5,'2017-07-01 14:47:00',1,4000,'2017-07-01 12:48:30','2017-07-01 12:48:30','INSERT','2017-07-01 12:48:30'),(2,49,5,'2017-07-01 14:47:00',1,4000,'2017-07-01 12:50:14','2017-07-01 12:48:30','UPDATE','2017-07-01 12:50:14'),(3,49,5,'2017-07-01 14:47:00',1,4000,'2017-07-01 12:50:14','2017-07-01 12:48:30','DELETE','2017-07-01 12:50:52');
/*!40000 ALTER TABLE `session_event_archive` ENABLE KEYS */;
UNLOCK TABLES;

--
-- Table structure for table `subscription`
--

DROP TABLE IF EXISTS `subscription`;
/*!40101 SET @saved_cs_client     = @@character_set_client */;
/*!40101 SET character_set_client = utf8 */;
CREATE TABLE `subscription` (
  `id` int(11) NOT NULL AUTO_INCREMENT,
  `owner_id` int(11) NOT NULL,
  `date_start_date` datetime NOT NULL,
  `date_due_date` datetime NOT NULL,
  `extensions_count` int(11) NOT NULL,
  `attendance_count` int(11) DEFAULT NULL,
  `price` int(11) NOT NULL,
  `date_updated` datetime DEFAULT NULL,
  `date_created` datetime NOT NULL,
  PRIMARY KEY (`id`),
  KEY `IDX_A3C664D37E3C61F9` (`owner_id`),
  CONSTRAINT `FK_A3C664D37E3C61F9` FOREIGN KEY (`owner_id`) REFERENCES `user_account` (`id`)
) ENGINE=InnoDB AUTO_INCREMENT=46 DEFAULT CHARSET=utf8 COLLATE=utf8_unicode_ci;
/*!40101 SET character_set_client = @saved_cs_client */;

--
-- Dumping data for table `subscription`
--

LOCK TABLES `subscription` WRITE;
/*!40000 ALTER TABLE `subscription` DISABLE KEYS */;
INSERT INTO `subscription` VALUES (1,26,'2017-05-03 00:00:00','2017-06-17 23:59:00',4,4,5000,'2017-06-04 17:06:10','2017-05-30 14:21:50'),(2,26,'2017-05-20 00:00:00','2017-08-03 23:59:00',2,10,10000,'2017-06-04 17:06:10','2017-05-30 14:23:32'),(3,27,'2017-05-03 00:00:00','2017-06-17 23:59:00',4,4,5000,'2017-06-04 17:06:10','2017-05-30 14:25:06'),(4,28,'2017-05-10 00:00:00','2017-06-24 23:59:00',3,4,5000,'2017-06-04 17:06:10','2017-05-30 14:26:03'),(5,29,'2017-05-03 00:00:00','2017-06-17 23:59:00',4,4,5000,'2017-06-04 17:06:10','2017-05-30 14:26:48'),(6,30,'2017-05-03 00:00:00','2017-07-17 23:59:00',4,10,10000,'2017-06-04 17:06:10','2017-05-30 14:27:42'),(7,31,'2017-05-03 00:00:00','2017-07-17 23:59:00',4,10,10000,'2017-06-04 17:06:10','2017-05-30 14:28:15'),(8,32,'2017-05-03 00:00:00','2017-07-17 23:59:00',4,10,10000,'2017-06-04 17:06:10','2017-05-30 14:28:46'),(9,33,'2017-05-04 00:00:00','2017-07-18 23:59:00',4,10,10000,'2017-06-04 17:06:10','2017-05-30 14:29:25'),(10,34,'2017-05-03 00:00:00','2017-07-17 23:59:00',4,10,10000,'2017-06-04 17:06:10','2017-05-30 14:30:00'),(11,47,'2017-05-04 00:00:00','2017-07-18 23:59:00',4,10,10000,'2017-06-04 17:06:10','2017-05-30 14:30:27'),(12,47,'2017-05-29 00:00:00','2017-08-05 23:59:00',1,10,10000,'2017-06-04 17:06:10','2017-05-30 14:31:02'),(13,46,'2017-05-06 00:00:00','2017-07-20 23:59:00',4,10,10000,'2017-06-04 17:06:10','2017-05-30 14:31:43'),(14,46,'2017-05-29 00:00:00','2017-08-05 23:59:00',1,10,10000,'2017-06-04 17:06:10','2017-05-30 14:32:21'),(15,35,'2017-05-06 00:00:00','2017-07-20 23:59:00',4,10,10000,'2017-06-04 17:06:10','2017-05-30 14:32:55'),(16,36,'2017-05-08 00:00:00','2017-07-22 23:59:00',4,10,10000,'2017-06-04 17:06:10','2017-05-30 14:33:23'),(17,37,'2017-05-10 00:00:00','2017-07-24 23:59:00',3,10,10000,'2017-06-04 17:06:10','2017-05-30 14:34:13'),(18,39,'2017-05-10 00:00:00','2017-06-24 23:59:00',3,4,5000,'2017-06-04 17:06:10','2017-05-30 14:34:47'),(19,40,'2017-05-11 00:00:00','2017-07-24 23:59:00',3,10,10000,'2017-06-04 17:06:10','2017-05-30 14:35:24'),(20,42,'2017-05-17 00:00:00','2017-07-31 23:59:00',2,10,10000,'2017-06-04 17:06:10','2017-05-30 14:36:00'),(21,43,'2017-05-17 00:00:00','2017-07-31 23:59:00',2,10,10000,'2017-06-04 17:06:10','2017-05-30 14:36:25'),(22,44,'2017-05-18 00:00:00','2017-07-02 23:59:00',2,4,5000,'2017-06-04 17:06:10','2017-05-30 14:37:03'),(23,45,'2017-05-25 00:00:00','2017-08-01 23:59:00',1,10,10000,'2017-06-04 17:06:10','2017-05-30 14:37:45'),(30,39,'2017-05-31 00:00:00','2017-07-07 23:59:00',1,4,5000,'2017-06-04 17:06:10','2017-06-04 16:05:22'),(31,48,'2017-05-31 00:00:00','2017-07-07 23:59:00',1,4,5000,'2017-06-04 17:06:10','2017-06-04 16:06:32'),(32,35,'2017-06-07 00:00:00','2017-08-07 23:59:00',0,10,10000,'2017-06-19 10:39:17','2017-06-19 10:39:17'),(33,50,'2017-06-07 00:00:00','2017-07-07 23:59:00',0,4,4000,'2017-06-19 10:41:00','2017-06-19 10:41:00'),(34,51,'2017-06-12 00:00:00','2017-08-12 23:59:00',0,10,10000,'2017-06-19 10:42:44','2017-06-19 10:42:44'),(35,52,'2017-06-12 00:00:00','2017-08-12 23:59:00',0,10,10000,'2017-06-19 10:44:20','2017-06-19 10:44:20'),(36,48,'2017-06-14 00:00:00','2017-08-14 23:59:00',0,10,10000,'2017-06-19 10:45:25','2017-06-19 10:45:25'),(37,34,'2017-06-15 00:00:00','2017-08-15 23:59:00',0,10,10000,'2017-06-19 10:45:42','2017-06-19 10:45:42'),(38,54,'2017-06-16 00:00:00','2017-07-16 23:59:00',0,4,5000,'2017-06-19 10:47:06','2017-06-19 10:47:06'),(39,55,'2017-06-16 00:00:00','2017-07-16 23:59:00',0,4,5000,'2017-06-19 10:47:30','2017-06-19 10:47:30'),(40,56,'2017-06-19 00:00:00','2017-07-19 23:59:00',0,4,5000,'2017-06-19 11:16:24','2017-06-19 11:16:24'),(41,57,'2017-06-23 00:00:00','2017-07-23 23:59:00',0,4,5000,'2017-06-23 19:45:06','2017-06-23 19:45:06'),(42,26,'2017-06-24 00:00:00','2017-08-24 23:59:00',0,10,10000,'2017-06-24 12:31:40','2017-06-24 12:31:40'),(43,35,'2017-06-26 00:00:00','2017-08-26 23:59:00',0,10,10000,'2017-06-26 10:28:22','2017-06-26 10:28:22'),(44,47,'2017-06-26 00:00:00','2017-08-26 23:59:00',0,10,10000,'2017-06-26 10:28:33','2017-06-26 10:28:33'),(45,39,'2017-06-28 00:00:00','2017-07-28 23:59:00',0,4,5000,'2017-06-28 20:42:39','2017-06-28 20:42:39');
/*!40000 ALTER TABLE `subscription` ENABLE KEYS */;
UNLOCK TABLES;
/*!50003 SET @saved_cs_client      = @@character_set_client */ ;
/*!50003 SET @saved_cs_results     = @@character_set_results */ ;
/*!50003 SET @saved_col_connection = @@collation_connection */ ;
/*!50003 SET character_set_client  = utf8 */ ;
/*!50003 SET character_set_results = utf8 */ ;
/*!50003 SET collation_connection  = utf8_general_ci */ ;
/*!50003 SET @saved_sql_mode       = @@sql_mode */ ;
/*!50003 SET sql_mode              = '' */ ;
DELIMITER ;;
/*!50003 CREATE*/ /*!50017 DEFINER=`root`@`localhost`*/ /*!50003 TRIGGER subscription_after_insert
    AFTER INSERT ON `subscription`
    FOR EACH ROW

BEGIN
 INSERT INTO `subsmanager`.`subscription_archive`
	(`id`,
	`owner_id`,
	`date_start_date`,
	`date_due_date`,
	`extensions_count`,
	`attendance_count`,
	`price`,
	`date_updated`,
	`date_created`,
	`operation`)
	VALUES
	(
		NEW.id,
		NEW.owner_id,
		NEW.date_start_date,
		NEW.date_due_date,
		NEW.extensions_count,
		NEW.attendance_count,
		NEW.price,
		NEW.date_updated,
		NEW.date_created,
		'INSERT'
    );

END */;;
DELIMITER ;
/*!50003 SET sql_mode              = @saved_sql_mode */ ;
/*!50003 SET character_set_client  = @saved_cs_client */ ;
/*!50003 SET character_set_results = @saved_cs_results */ ;
/*!50003 SET collation_connection  = @saved_col_connection */ ;
/*!50003 SET @saved_cs_client      = @@character_set_client */ ;
/*!50003 SET @saved_cs_results     = @@character_set_results */ ;
/*!50003 SET @saved_col_connection = @@collation_connection */ ;
/*!50003 SET character_set_client  = utf8 */ ;
/*!50003 SET character_set_results = utf8 */ ;
/*!50003 SET collation_connection  = utf8_general_ci */ ;
/*!50003 SET @saved_sql_mode       = @@sql_mode */ ;
/*!50003 SET sql_mode              = '' */ ;
DELIMITER ;;
/*!50003 CREATE*/ /*!50017 DEFINER=`root`@`localhost`*/ /*!50003 TRIGGER subscription_update
    BEFORE UPDATE ON `subscription`
    FOR EACH ROW
BEGIN
 INSERT INTO `subsmanager`.`subscription_archive`
	(`id`,
	`owner_id`,
	`date_start_date`,
	`date_due_date`,
	`extensions_count`,
	`attendance_count`,
	`price`,
	`date_updated`,
	`date_created`,
	`operation`)
	VALUES
	(
		NEW.id,
		NEW.owner_id,
		NEW.date_start_date,
		NEW.date_due_date,
		NEW.extensions_count,
		NEW.attendance_count,
		NEW.price,
		NEW.date_updated,
		NEW.date_created,
		'UPDATE'
    );
END */;;
DELIMITER ;
/*!50003 SET sql_mode              = @saved_sql_mode */ ;
/*!50003 SET character_set_client  = @saved_cs_client */ ;
/*!50003 SET character_set_results = @saved_cs_results */ ;
/*!50003 SET collation_connection  = @saved_col_connection */ ;
/*!50003 SET @saved_cs_client      = @@character_set_client */ ;
/*!50003 SET @saved_cs_results     = @@character_set_results */ ;
/*!50003 SET @saved_col_connection = @@collation_connection */ ;
/*!50003 SET character_set_client  = utf8 */ ;
/*!50003 SET character_set_results = utf8 */ ;
/*!50003 SET collation_connection  = utf8_general_ci */ ;
/*!50003 SET @saved_sql_mode       = @@sql_mode */ ;
/*!50003 SET sql_mode              = '' */ ;
DELIMITER ;;
/*!50003 CREATE*/ /*!50017 DEFINER=`root`@`localhost`*/ /*!50003 TRIGGER subscription_delete
    BEFORE DELETE ON `subscription`
    FOR EACH ROW
BEGIN
  INSERT INTO `subsmanager`.`subscription_archive`
	(`id`,
	`owner_id`,
	`date_start_date`,
	`date_due_date`,
	`extensions_count`,
	`attendance_count`,
	`price`,
	`date_updated`,
	`date_created`,
	`operation`)
	VALUES
	(
		OLD.id,
		OLD.owner_id,
		OLD.date_start_date,
		OLD.date_due_date,
		OLD.extensions_count,
		OLD.attendance_count,
		OLD.price,
		OLD.date_updated,
		OLD.date_created,
		'DELETE'
    );
END */;;
DELIMITER ;
/*!50003 SET sql_mode              = @saved_sql_mode */ ;
/*!50003 SET character_set_client  = @saved_cs_client */ ;
/*!50003 SET character_set_results = @saved_cs_results */ ;
/*!50003 SET collation_connection  = @saved_col_connection */ ;

--
-- Table structure for table `subscription_archive`
--

DROP TABLE IF EXISTS `subscription_archive`;
/*!40101 SET @saved_cs_client     = @@character_set_client */;
/*!40101 SET character_set_client = utf8 */;
CREATE TABLE `subscription_archive` (
  `pk` int(11) NOT NULL AUTO_INCREMENT,
  `id` int(11) NOT NULL,
  `owner_id` int(11) NOT NULL,
  `date_start_date` datetime NOT NULL,
  `date_due_date` datetime NOT NULL,
  `extensions_count` int(11) NOT NULL,
  `attendance_count` int(11) DEFAULT NULL,
  `price` int(11) NOT NULL,
  `date_updated` datetime DEFAULT NULL,
  `date_created` datetime NOT NULL,
  `operation` varchar(25) COLLATE utf8_unicode_ci NOT NULL,
  `date_archived` timestamp NOT NULL DEFAULT CURRENT_TIMESTAMP,
  PRIMARY KEY (`pk`)
) ENGINE=InnoDB AUTO_INCREMENT=6 DEFAULT CHARSET=utf8 COLLATE=utf8_unicode_ci;
/*!40101 SET character_set_client = @saved_cs_client */;

--
-- Dumping data for table `subscription_archive`
--

LOCK TABLES `subscription_archive` WRITE;
/*!40000 ALTER TABLE `subscription_archive` DISABLE KEYS */;
INSERT INTO `subscription_archive` VALUES (1,47,12,'2017-07-01 00:00:00','2017-09-01 23:59:00',0,10,10000,'2017-07-01 12:44:26','2017-07-01 12:44:26','INSERT','2017-07-01 12:44:26'),(2,46,12,'2017-07-01 00:00:00','2017-08-01 23:59:00',0,4,5000,'2017-07-01 12:04:07','2017-07-01 12:04:07','DELETE','2017-07-01 12:46:23'),(3,47,12,'2017-07-01 00:00:00','2017-09-01 23:59:00',0,10,10000,'2017-07-01 12:44:26','2017-07-01 12:44:26','DELETE','2017-07-01 12:46:30'),(4,48,12,'2017-07-01 00:00:00','2017-08-01 23:59:00',0,4,5000,'2017-07-01 12:49:17','2017-07-01 12:49:17','INSERT','2017-07-01 12:49:17'),(5,48,12,'2017-07-01 00:00:00','2017-08-01 23:59:00',0,4,5000,'2017-07-01 12:49:17','2017-07-01 12:49:17','DELETE','2017-07-01 12:51:16');
/*!40000 ALTER TABLE `subscription_archive` ENABLE KEYS */;
UNLOCK TABLES;

--
-- Table structure for table `user_account`
--

DROP TABLE IF EXISTS `user_account`;
/*!40101 SET @saved_cs_client     = @@character_set_client */;
/*!40101 SET character_set_client = utf8 */;
CREATE TABLE `user_account` (
  `id` int(11) NOT NULL AUTO_INCREMENT,
  `first_name` varchar(140) COLLATE utf8_unicode_ci NOT NULL,
  `last_name` varchar(140) COLLATE utf8_unicode_ci NOT NULL,
  `username` varchar(180) COLLATE utf8_unicode_ci NOT NULL,
  `username_canonical` varchar(180) COLLATE utf8_unicode_ci NOT NULL,
  `email` varchar(255) COLLATE utf8_unicode_ci DEFAULT NULL,
  `email_canonical` varchar(255) COLLATE utf8_unicode_ci DEFAULT NULL,
  `enabled` tinyint(1) NOT NULL,
  `salt` varchar(255) COLLATE utf8_unicode_ci DEFAULT NULL,
  `password` varchar(255) COLLATE utf8_unicode_ci NOT NULL,
  `last_login` datetime DEFAULT NULL,
  `confirmation_token` varchar(180) COLLATE utf8_unicode_ci DEFAULT NULL,
  `password_requested_at` datetime DEFAULT NULL,
  `roles` longtext COLLATE utf8_unicode_ci NOT NULL COMMENT '(DC2Type:array)',
  `date_updated` datetime DEFAULT NULL,
  `date_created` datetime NOT NULL,
  `deleted_at` datetime DEFAULT NULL,
  `is_admin` tinyint(1) NOT NULL,
  PRIMARY KEY (`id`),
  UNIQUE KEY `UNIQ_253B48AE92FC23A8` (`username_canonical`),
  UNIQUE KEY `UNIQ_253B48AEC05FB297` (`confirmation_token`)
) ENGINE=InnoDB AUTO_INCREMENT=58 DEFAULT CHARSET=utf8 COLLATE=utf8_unicode_ci;
/*!40101 SET character_set_client = @saved_cs_client */;

--
-- Dumping data for table `user_account`
--

LOCK TABLES `user_account` WRITE;
/*!40000 ALTER TABLE `user_account` DISABLE KEYS */;
INSERT INTO `user_account` VALUES (12,'Admin','Admin','adminuser','adminuser','ad@ad.com','ad@ad.com',1,NULL,'$2y$13$nlInkMjKoEmWClEUHRv.QeLKl74oyAeihcL27Mo0xYlzYvuaCfaTW','2017-09-07 14:34:06',NULL,NULL,'a:1:{i:0;s:10:\"ROLE_ADMIN\";}','2017-09-07 14:34:06','2017-02-25 19:44:55',NULL,1),(26,'Marika','Master','Master Marika','master marika','adele@ad.com','adele@ad.com',1,NULL,'$2y$13$fJUrQNQm5tS1IYAOxs.ug.MMQ4HEaqxZJR373sJAXZPg1usgUKctC','2017-07-01 18:04:58',NULL,NULL,'a:0:{}','2017-09-07 15:05:57','2017-05-30 14:05:17',NULL,0),(27,'Edit','Master','Master Edit','master edit',NULL,NULL,0,NULL,'not_set',NULL,NULL,NULL,'a:0:{}','2017-09-07 15:09:58','2017-05-30 14:05:42',NULL,0),(28,'Vanda','Master','Master Balczer Vanda','master balczer vanda',NULL,NULL,0,NULL,'not_set',NULL,NULL,NULL,'a:0:{}','2017-09-07 15:14:05','2017-05-30 14:06:32',NULL,0),(29,'Zsófia','Master','Master Zsófi','master zsófi',NULL,NULL,0,NULL,'not_set',NULL,NULL,NULL,'a:0:{}','2017-09-07 15:15:09','2017-05-30 14:08:42',NULL,0),(30,'Edit','Masterr','Masterr Edit','masterr edit',NULL,NULL,0,NULL,'not_set',NULL,NULL,NULL,'a:0:{}','2017-09-07 15:13:34','2017-05-30 14:09:03',NULL,0),(31,'Zsóka','Master','Master Zsóka','master zsóka',NULL,NULL,0,NULL,'not_set',NULL,NULL,NULL,'a:0:{}','2017-09-07 15:06:12','2017-05-30 14:09:26',NULL,0),(32,'Tünde','Master','Master Tündi','master tündi',NULL,NULL,0,NULL,'not_set',NULL,NULL,NULL,'a:0:{}','2017-09-07 15:14:56','2017-05-30 14:09:46',NULL,0),(33,'Mónika','Master','Master Móni','master móni',NULL,NULL,0,NULL,'not_set',NULL,NULL,NULL,'a:0:{}','2017-09-07 15:15:23','2017-05-30 14:10:06',NULL,0),(34,'Ildikó','Master','Master Ildikó','master ildikó',NULL,NULL,0,NULL,'not_set',NULL,NULL,NULL,'a:0:{}','2017-09-07 15:05:09','2017-05-30 14:10:30',NULL,0),(35,'Ildikó','Master','Master Ildi','master ildi',NULL,NULL,0,NULL,'not_set',NULL,NULL,NULL,'a:0:{}','2017-09-07 15:07:17','2017-05-30 14:10:57',NULL,0),(36,'Marika','Masterr','Masterr Marika','masterr marika',NULL,NULL,0,NULL,'not_set',NULL,NULL,NULL,'a:0:{}','2017-09-07 15:12:11','2017-05-30 14:11:18',NULL,0),(37,'Orsolya','Master','Master Orsi','master orsi',NULL,NULL,0,NULL,'not_set',NULL,NULL,NULL,'a:0:{}','2017-09-07 15:07:41','2017-05-30 14:12:29',NULL,0),(38,'Eszter','Master','Master Eszti, Orsi lánya','master eszti, orsi lánya',NULL,NULL,0,NULL,'not_set',NULL,NULL,NULL,'a:0:{}','2017-09-07 15:07:29','2017-05-30 14:13:01',NULL,0),(39,'Ilona','Master','Master Ili','master ili',NULL,NULL,0,NULL,'not_set',NULL,NULL,NULL,'a:0:{}','2017-09-07 15:07:53','2017-05-30 14:13:49',NULL,0),(40,'Judit','Master','Master Judit','master judit',NULL,NULL,0,NULL,'not_set',NULL,NULL,NULL,'a:0:{}','2017-09-07 15:10:19','2017-05-30 14:14:11',NULL,0),(41,'Andrea','Master','Master Andi','master andi',NULL,NULL,0,NULL,'not_set',NULL,NULL,NULL,'a:0:{}','2017-09-07 15:15:38','2017-05-30 14:14:33',NULL,0),(42,'Zsuzsa','Masterr','Masterr Zsuzsi','masterr zsuzsi',NULL,NULL,0,NULL,'not_set',NULL,NULL,NULL,'a:0:{}','2017-09-07 15:14:24','2017-05-30 14:14:58',NULL,0),(43,'Irén','Master','Master Irén','master irén',NULL,NULL,0,NULL,'not_set',NULL,NULL,NULL,'a:0:{}','2017-09-07 15:10:36','2017-05-30 14:15:17',NULL,0),(44,'Ildikó','Masterr','Masterr Ildi','masterr ildi',NULL,NULL,0,NULL,'not_set',NULL,NULL,NULL,'a:0:{}','2017-09-07 15:12:54','2017-05-30 14:15:41',NULL,0),(45,'Zsuzsa','Master','Master Zsuzsi','master zsuzsi',NULL,NULL,0,NULL,'not_set',NULL,NULL,NULL,'a:0:{}','2017-09-07 15:13:49','2017-05-30 14:16:23',NULL,0),(46,'Ildikó','Master','Master Veres Ildi','master veres ildi',NULL,NULL,0,NULL,'not_set',NULL,NULL,NULL,'a:0:{}','2017-09-07 15:12:28','2017-05-30 14:16:45',NULL,0),(47,'Andrea','Master','Master Andika','master andika',NULL,NULL,0,NULL,'not_set',NULL,NULL,NULL,'a:0:{}','2017-09-07 15:06:27','2017-05-30 14:17:00',NULL,0),(48,'Nóra','Dr. Master','Dr. Master Nóri','dr. master nóri',NULL,NULL,0,NULL,'not_set',NULL,NULL,NULL,'a:0:{}','2017-09-07 15:11:42','2017-06-04 16:05:56',NULL,0),(49,'Heni','Master','Master Heni','master heni',NULL,NULL,0,NULL,'not_set',NULL,NULL,NULL,'a:0:{}','2017-09-07 15:07:06','2017-06-04 16:21:11',NULL,0),(50,'Évi','Master','Master Évi','master évi',NULL,NULL,0,NULL,'not_set',NULL,NULL,NULL,'a:0:{}','2017-09-07 15:14:42','2017-06-19 10:40:19',NULL,0),(51,'Gabi','Master','Master Gabi','master gabi',NULL,NULL,0,NULL,'not_set',NULL,NULL,NULL,'a:0:{}','2017-09-07 15:13:12','2017-06-19 10:42:10',NULL,0),(52,'Nóri','Master','Master Nóri','master nóri',NULL,NULL,0,NULL,'not_set',NULL,NULL,NULL,'a:0:{}','2017-09-07 15:05:22','2017-06-19 10:43:45',NULL,0),(53,'Viktória','Master','Master Vikó','master vikó',NULL,NULL,0,NULL,'not_set',NULL,NULL,NULL,'a:0:{}','2017-09-07 15:05:34','2017-06-19 10:44:51',NULL,0),(54,'Eszter','Master','Master Eszti','master eszti',NULL,NULL,0,NULL,'not_set',NULL,NULL,NULL,'a:0:{}','2017-09-07 15:06:41','2017-06-19 10:46:17',NULL,0),(55,'Erika','Master','Master Erika','master erika',NULL,NULL,0,NULL,'not_set',NULL,NULL,NULL,'a:0:{}','2017-09-07 15:04:56','2017-06-19 10:46:41',NULL,0),(56,'Erzsike','Master','Master Erzsike','master erzsike',NULL,NULL,0,NULL,'not_set',NULL,NULL,NULL,'a:0:{}','2017-09-07 15:06:54','2017-06-19 11:15:48',NULL,0),(57,'Viktória','Master','Master Viki','master viki',NULL,NULL,0,NULL,'not_set',NULL,NULL,NULL,'a:0:{}','2017-09-07 15:04:34','2017-06-23 19:44:43',NULL,0);
/*!40000 ALTER TABLE `user_account` ENABLE KEYS */;
UNLOCK TABLES;

--
-- Table structure for table `user_contact`
--

DROP TABLE IF EXISTS `user_contact`;
/*!40101 SET @saved_cs_client     = @@character_set_client */;
/*!40101 SET character_set_client = utf8 */;
CREATE TABLE `user_contact` (
  `id` int(11) NOT NULL AUTO_INCREMENT,
  `contact_first_name` varchar(140) COLLATE utf8_unicode_ci NOT NULL,
  `contact_last_name` varchar(140) COLLATE utf8_unicode_ci NOT NULL,
  `contact_email` varchar(140) COLLATE utf8_unicode_ci NOT NULL,
  `date_updated` datetime DEFAULT NULL,
  `date_created` datetime NOT NULL,
  `password` varchar(255) COLLATE utf8_unicode_ci NOT NULL,
  `deleted_at` datetime DEFAULT NULL,
  PRIMARY KEY (`id`)
) ENGINE=InnoDB AUTO_INCREMENT=2 DEFAULT CHARSET=utf8 COLLATE=utf8_unicode_ci;
/*!40101 SET character_set_client = @saved_cs_client */;

--
-- Dumping data for table `user_contact`
--

LOCK TABLES `user_contact` WRITE;
/*!40000 ALTER TABLE `user_contact` DISABLE KEYS */;
INSERT INTO `user_contact` VALUES (1,'Mária','Élőné','adele@ad.com','2017-05-30 16:17:01','2017-05-30 16:17:01','$2y$13$fJUrQNQm5tS1IYAOxs.ug.MMQ4HEaqxZJR373sJAXZPg1usgUKctC',NULL);
/*!40000 ALTER TABLE `user_contact` ENABLE KEYS */;
UNLOCK TABLES;

--
-- Dumping routines for database 'subsmanager'
--
/*!40103 SET TIME_ZONE=@OLD_TIME_ZONE */;

/*!40101 SET SQL_MODE=@OLD_SQL_MODE */;
/*!40014 SET FOREIGN_KEY_CHECKS=@OLD_FOREIGN_KEY_CHECKS */;
/*!40014 SET UNIQUE_CHECKS=@OLD_UNIQUE_CHECKS */;
/*!40101 SET CHARACTER_SET_CLIENT=@OLD_CHARACTER_SET_CLIENT */;
/*!40101 SET CHARACTER_SET_RESULTS=@OLD_CHARACTER_SET_RESULTS */;
/*!40101 SET COLLATION_CONNECTION=@OLD_COLLATION_CONNECTION */;
/*!40111 SET SQL_NOTES=@OLD_SQL_NOTES */;

-- Dump completed on 2017-09-07 15:17:12
